model_key,model_label,family,mae,rmse,r2,train_years,test_years
svr_rbf,SVM (SVR-RBF),svm,55.55334831312277,59.53652705606624,-106.40190218803433,"2016, 2017, 2018, 2019, 2020, 2021, 2022, 2023, 2024",2025
extra_trees,Extra Trees,ensemble,63.33939516129031,84.17979279536488,-213.71415853142932,"2016, 2017, 2018, 2019, 2020, 2021, 2022, 2023, 2024",2025
random_forest,Random Forest,ensemble,63.58960906298004,83.82716079765153,-211.91903659941065,"2016, 2017, 2018, 2019, 2020, 2021, 2022, 2023, 2024",2025
hist_gradient_boosting,HistGradientBoosting,boosting,63.61374179491428,83.49083318028129,-210.21393540664624,"2016, 2017, 2018, 2019, 2020, 2021, 2022, 2023, 2024",2025
gradient_boosting,Gradient Boosting,boosting,67.04028856487845,90.76507873197518,-248.62182608304985,"2016, 2017, 2018, 2019, 2020, 2021, 2022, 2023, 2024",2025
